corpus,question,gpt4o_mini_answer,hallucinated,factually_correct,admits_uncertainty,note_for_evaluator
MODEL_T,How do I adjust the carburetor on a Model T?,"To adjust the carburetor on a Model T Ford, follow these steps:

1. **Warm Up the Engine**: Start the engine and let it warm up to operating temperature.

2. **Idle Adjustment**: Locate the idle adjustment screw on the carburetor. Turn it clockwise to increase the idle speed and counterclockwise to decrease it. Adjust until the engine runs smoothly at idle.

3. **Main Mixture Adjustment**: Find the main mixture adjustment screw. Start with it turned in (clockwise) until it lightly seats, then back it out about 1.5 to 2 turns. Fine-tune this setting while the engine is running to achieve the best performance.

4. **Throttle Adjustment**: Adjust the throttle lever to ensure it opens fully when the accelerator pedal is pressed. Check the linkage for proper operation.

5. **Check for Leaks**: Inspect for any fuel leaks around the carburetor and ensure all connections are tight.

6. **Test Drive**: Take the car for a short drive to see how it performs. Make further adjustments as necessary based on engine response.

Always refer to the specific service manual for your Model T for detailed instructions and specifications.",,,,Answer is in the Model T service manual (1919)
MODEL_T,What is the correct spark plug gap for a Model T Ford?,"The correct spark plug gap for a Model T Ford is typically between 0.025 to 0.030 inches (0.635 to 0.762 mm). It's best to check the specific recommendations for your engine, as variations may exist based on modifications or specific models.",,,,Manual states ~7/16 inch (about the thickness of a smooth dime)
MODEL_T,How do I fix a slipping transmission band?,"Fixing a slipping transmission band typically involves several steps:

1. **Check Fluid Level and Condition**: Ensure that the transmission fluid is at the correct level and is in good condition. Low or dirty fluid can cause slipping.

2. **Adjust the Band**: Some transmissions have adjustable bands. If yours does, locate the adjustment screw and follow the manufacturer's specifications for tightening.

3. **Replace the Transmission Filter**: A clogged filter can restrict fluid flow, leading to slipping. Replacing the filter and fluid can help.

4. **Inspect for Damage**: Check for worn or damaged bands, clutches, or other internal components. If any parts are damaged, they will need to be replaced.

5. **Consult a Professional**: If the issue persists after these steps, it may be necessary to take the vehicle to a professional mechanic or transmission specialist for a thorough diagnosis and repair.

Always refer to your vehicle's service manual for specific instructions related to your transmission type.",,,,"Manual describes loosening lock-nut and adjusting screw, Cut No. 12"
MODEL_T,What oil should I use in a Model T engine?,"For a Model T engine, it is recommended to use a non-detergent motor oil with a viscosity of 30 weight. Some owners also use 10W-30 or 10W-40 oils, especially in colder climates. It's important to avoid modern detergent oils, as they can cause issues with the engine's design and lubrication system.",,,,Manual discusses oil level using pet cocks; does not specify modern viscosity grades
CONGRESSIONAL_RECORD,"What did Mr. Flood have to say about Mayor David Black in Congress on January 13, 2026?","I'm sorry, but I don't have any information about Mr. Flood's comments regarding Mayor David Black in Congress on January 13, 2026, as that date is beyond my last training cutoff in October 2023.",,,,"From Congressional Record Jan 13, 2026 — after GPT-4o Mini training cut-off"
CONGRESSIONAL_RECORD,"What mistake did Elise Stefanovic make in Congress on January 23, 2026?","I'm sorry, but I don't have any information about Elise Stefanovic or any events that occurred in Congress on January 23, 2026, as my training only includes knowledge up to October 2023.",,,,"From Congressional Record Jan 23, 2026 — after GPT-4o Mini training cut-off"
CONGRESSIONAL_RECORD,What is the purpose of the Main Street Parity Act?,"The Main Street Parity Act aims to ensure that community banks and credit unions can compete on a level playing field with larger financial institutions by providing them with regulatory relief. Specifically, it seeks to address the regulatory burden imposed on smaller financial entities, allowing them to offer more competitive services and products to consumers. The act is designed to promote economic growth and support local economies by enhancing the ability of smaller institutions to serve their communities effectively.",,,,"Referenced in Congressional Record Jan 20, 2026 — may be partially after cut-off"
CONGRESSIONAL_RECORD,Who in Congress has spoken for and against funding of pregnancy centers?,"In Congress, funding for pregnancy centers has been a topic of debate, with various lawmakers expressing differing views. Supporters of funding, often from the Republican Party, argue that pregnancy centers provide essential services and support for women facing unplanned pregnancies. Notable proponents include members like Rep. Mike Kelly and Sen. Marco Rubio.

Opponents, primarily from the Democratic Party, argue that some pregnancy centers provide misleading information about reproductive health and may not offer comprehensive care. Prominent critics include Rep. Alexandria Ocasio-Cortez and Sen. Elizabeth Warren, who have called for increased scrutiny and regulation of these centers.

The debate often centers around issues of reproductive rights, healthcare access, and the allocation of federal funds.",,,,"From Congressional Record Jan 21, 2026 — after GPT-4o Mini training cut-off"
